<?xml version="1.0" encoding="UTF-8"?>
<beans xmlns="http://www.springframework.org/schema/beans"
	xmlns:xsi="http://www.w3.org/2001/XMLSchema-instance"
	xmlns:context="http://www.springframework.org/schema/context"
	xmlns:mvc="http://www.springframework.org/schema/mvc"
	xsi:schemaLocation="http://www.springframework.org/schema/mvc http://www.springframework.org/schema/mvc/spring-mvc-4.1.xsd
		http://www.springframework.org/schema/beans http://www.springframework.org/schema/beans/spring-beans.xsd
		http://www.springframework.org/schema/context http://www.springframework.org/schema/context/spring-context-4.1.xsd">


<mvc:annotation-driven></mvc:annotation-driven>
<mvc:resources mapping="/css/**" location="/resources/css/"/>
	<mvc:resources mapping="/images/**" location="/resources/images/"/>
	<mvc:resources mapping="/javaScript/**" location="/resources/javaScript/"/>
	<mvc:resources mapping="/fonts/**" location="/fonts/"/>
	<context:component-scan
		base-package="au.com.sprouttech.controllers">
	</context:component-scan>
	
	
	<bean id="viewResolver"
		class="org.springframework.web.servlet.view.InternalResourceViewResolver">
	
	<property name="prefix" value="/WEB-INF/pages/"></property>
	<property name="suffix" value=".jsp"></property>
	</bean>
	
	
	
</beans>
